Taille;TempsMoyen
1000;0.013600
10000;0.131800
20000;0.255000
25000;0.318000
35000;0.453600
50000;0.639000
70000;0.897200
100000;1.282000
